seed,profile,delay,lambda,filter,loss,backlog_area,action_cost,reviews,risk_empty,proposal_queries,full_queries,cost_queries,natural_queries,tail_queries,proposal_ns,review_common_ns,review_full_ns,review_tail_ns
300001,normal,0,0,0,0.56724333676612004,0,0.55000000000000004,59,0,0,30208,8896,6496,6056,0,39267789,24334602,7718653
300001,normal,0,0,1,0.56724333676612004,0,0.55000000000000004,59,0,0,30208,8896,6496,6056,0,37198424,23212355,6505899
300001,normal,0,0.34999999999999998,0,0.71909772714119458,0,0.70000000000000007,59,0,0,30208,13952,8192,6552,0,37732104,23229776,7121430
300001,normal,0,0.34999999999999998,1,0.71909772714119458,0,0.70000000000000007,59,0,0,30208,13952,8192,6552,0,37411986,23218838,6956587
300001,normal,0,1,0,0.71697678390121322,0.26093044659198483,0.70000000000000007,59,0,0,30208,15936,8952,6368,0,41158584,22656369,7233765
300001,normal,0,1,1,0.71697678390121322,0.26093044659198483,0.70000000000000007,59,0,0,30208,15936,8952,6368,0,41843242,24512802,7090364
300001,normal,2,0,0,0.35465870687109219,6.9353515846774059,0.29999999999999999,19,0,9728,9728,4352,2904,2424,20845493,12182557,7351599,2559327
300001,normal,2,0,1,0.35465870687109219,6.9353515846774059,0.29999999999999999,19,0,9728,9728,4352,2904,2424,19515056,11885190,7292194,2450728
300001,normal,2,0.34999999999999998,0,0.31466377324979533,0,0.31,19,0,9728,9728,4288,2664,2296,19596741,11939612,6990441,2465385
300001,normal,2,0.34999999999999998,1,0.31466377324979533,0,0.31,19,0,9728,9728,4288,2664,2296,19421343,11642002,7572929,2366699
300001,normal,2,1,0,0.3446637732497953,0,0.33999999999999997,19,0,9728,9728,4288,2568,2008,20073032,12232522,7343265,2048794
300001,normal,2,1,1,0.3446637732497953,0,0.33999999999999997,19,0,9728,9728,4288,2568,2008,20224450,11970735,7561061,2184434
300001,normal,5,0,0,0.35142465305920112,27.688213236213613,0.25,9,0,4608,4608,2432,1680,1528,9414931,5767305,3406362,1540887
300001,normal,5,0,1,0.35142465305920112,27.688213236213613,0.25,9,0,4608,4608,2432,1680,1512,9996674,5694246,3450097,1547634
300001,normal,5,0.34999999999999998,0,0.25880872253999687,0,0.20000000000000001,9,0,4608,4608,2176,1296,1112,9022838,5647353,3466002,1186753
300001,normal,5,0.34999999999999998,1,0.25880872253999687,0,0.20000000000000001,9,0,4608,4608,2176,1296,1112,9014124,5647474,3390978,1172831
300001,normal,5,1,0,0.35570921566243541,0,0.26000000000000001,9,0,4608,4608,3200,1616,1312,9361641,5832832,3908871,1256477
300001,normal,5,1,1,0.35570921566243541,0,0.26000000000000001,9,0,4608,4608,3200,1616,1312,9068699,5596928,3442836,1258750
300001,supply,0,0,0,1.1031312432236242,0,1.1000000000000001,59,0,0,30208,7680,6824,6496,0,40627602,23524348,7445625
300001,supply,0,0,1,1.1031312432236242,0,1.1000000000000001,59,0,0,30208,7680,6824,6496,0,39934365,24021289,7150652
300001,supply,0,0.34999999999999998,0,1.1631312432236243,0,1.1600000000000001,59,0,0,30208,15808,10096,7384,0,38596643,23711121,8175326
300001,supply,0,0.34999999999999998,1,1.1631312432236243,0,1.1600000000000001,59,0,0,30208,15808,10096,7384,0,39566820,22304116,7818709
300001,supply,0,1,0,1.3431666228675325,0,1.3400000000000001,59,0,0,30208,20864,12096,6872,0,38802782,22876870,7218045
300001,supply,0,1,1,1.3431666228675325,0,1.3400000000000001,59,0,0,30208,20864,12096,6872,0,38022890,23565320,7085101
300001,supply,2,0,0,1.4775300190323519,7.6829588899825403,0.87000000000000011,19,0,9728,9728,5568,4168,3568,21434723,12110087,8064192,3776841
300001,supply,2,0,1,2.5382430645651262,7.6829588899825403,0.87000000000000011,19,2,9728,9728,5888,3576,2840,20915085,11805527,7446694,3064495
300001,supply,2,0.34999999999999998,0,1.4775300190323519,7.6829588899825403,0.87000000000000011,19,0,9728,9728,8128,4824,3528,19631763,12368667,7572959,3422055
300001,supply,2,0.34999999999999998,1,2.5382430645651262,7.6829588899825403,0.87000000000000011,19,2,9728,9728,8256,4192,2960,20695370,13873872,8587472,3195804
300001,supply,2,1,0,1.6023997565824453,9.3847418270612586,1.0200000000000002,19,0,9728,9728,9472,4624,2752,20100569,12436479,7589065,2664992
300001,supply,2,1,1,2.6523706783771051,9.3847418270612586,1.0200000000000002,19,2,9728,9728,9472,4064,2608,19465470,12063511,7556504,2871076
300001,supply,5,0,0,3.2402682448256344,0.079635207942214237,0.75,9,0,4608,4608,2880,2224,2104,9345175,5720386,3540303,2091777
300001,supply,5,0,1,8.7925868029243333,25.134743620424032,0,9,6,4608,4608,3264,576,576,9657084,7023442,3599253,634517
300001,supply,5,0.34999999999999998,0,3.2402682448256344,0.079635207942214237,0.75,9,0,4608,4608,3904,2408,1920,9327290,6775216,3533012,4497878
300001,supply,5,0.34999999999999998,1,8.7925868029243333,25.134743620424032,0,9,6,4608,4608,4032,880,672,11118090,6152977,4079848,672363
300001,supply,5,1,0,3.3102682448256338,2.9335552894634382,0.87000000000000011,9,0,4608,4608,4480,2032,1288,9363246,5619019,3953078,1658934
300001,supply,5,1,1,8.960689753593126,64.217420790805676,0.089999999999999997,9,6,4608,4608,4480,1120,896,9457936,5453712,3444420,863484
300001,capacity,0,0,0,3.5218251605619253,752.61767772195628,0.9600000000000003,59,0,0,30208,16000,12288,10688,0,37072468,22581424,10949461
300001,capacity,0,0,1,9.0670127824675948,4601.9322992525704,0.050000000000000003,59,36,0,30208,21696,4736,4120,0,36781676,22241613,4320223
300001,capacity,0,0.34999999999999998,0,3.8279118779523742,775.06331118163064,1.1800000000000004,59,0,0,30208,23680,15456,11824,0,38415610,23106618,12927980
300001,capacity,0,0.34999999999999998,1,9.0670127824675948,4601.9322992525704,0.050000000000000003,59,36,0,30208,26304,6520,4632,0,36471989,23288399,4714800
300001,capacity,0,1,0,5.1960092122960022,1560.6208332701783,1.0800000000000003,59,0,0,30208,27072,14216,8264,0,37950901,23643746,8727626
300001,capacity,0,1,1,8.959205492270188,4345.1467580292874,0.11,59,36,0,30208,28480,8160,5016,0,38314714,23049494,5865818
300001,capacity,2,0,0,4.7237707952686305,1603.763900456622,0.47999999999999998,19,0,9728,9728,6144,4856,4544,19704869,12284433,7760984,4475155
300001,capacity,2,0,1,10.251657638742808,5959.5729913697869,0,19,12,9728,9728,6976,1280,1264,19357622,12050706,7178423,1274110
300001,capacity,2,0.34999999999999998,0,4.8111140302221385,1566.4576466250858,0.52999999999999992,19,0,9728,9728,7936,5416,4648,20099035,12117787,7259577,4733486
300001,capacity,2,0.34999999999999998,1,10.251657638742808,5959.5729913697869,0,19,12,9728,9728,8384,1768,1440,21108634,13450912,8821611,1486235
300001,capacity,2,1,0,6.6126646967376157,2697.6001017257354,0.33000000000000002,19,0,9728,9728,9216,4096,2584,21995207,12132471,7520374,2765404
300001,capacity,2,1,1,10.251657638742808,5959.5729913697869,0,19,12,9728,9728,9216,2208,1544,20145310,12370852,7297294,1548646
300001,capacity,5,0,0,5.6878938370516288,2146.4169929787417,0.26999999999999996,9,0,4608,4608,3200,2704,2624,9284052,5599822,3557208,2957515
300001,capacity,5,0,1,10.251657638742808,5959.5729913697869,0,9,6,4608,4608,3520,624,608,9238175,5729686,3737743,736485
300001,capacity,5,0.34999999999999998,0,7.073866799024354,3114.7022269110421,0.21999999999999997,9,0,4608,4608,4096,3096,2800,9875684,5588696,3429235,2827628
300001,capacity,5,0.34999999999999998,1,10.251657638742808,5959.5729913697869,0,9,6,4608,4608,4160,888,688,9391024,5624910,3889422,686647
300001,capacity,5,1,0,10.144779387236438,5807.5083561135662,0.050000000000000003,9,0,4608,4608,4480,2016,1176,8960914,6026426,3458319,1237387
300001,capacity,5,1,1,10.251657638742808,5959.5729913697869,0,9,6,4608,4608,4480,1064,728,9164060,5736890,3640488,1007660
300001,demand,0,0,0,0.83457512442823978,62.865622396196706,0.58999999999999997,59,0,0,30208,12480,9192,8032,0,39339166,23325004,8729498
300001,demand,0,0,1,0.76608082334683381,62.016519758333935,0.53000000000000003,59,2,0,30208,12544,8376,7192,0,40109904,24758198,7763155
300001,demand,0,0.34999999999999998,0,1.2388123593156104,66.413258964842854,0.94000000000000028,59,0,0,30208,19008,11512,9112,0,38014048,23610000,9927666
300001,demand,0,0.34999999999999998,1,1.2319421121863496,76.422806940397578,0.91000000000000025,59,2,0,30208,19008,10832,8264,0,39799700,26622290,9388866
300001,demand,0,1,0,1.6853821446993393,87.959875431080448,1.2500000000000002,59,0,0,30208,22912,11712,7792,0,40601147,24787983,8852248
300001,demand,0,1,1,1.5931094555351901,78.421395153271703,1.1900000000000002,59,2,0,30208,22912,11336,7568,0,41916029,27134417,10189687
300001,demand,2,0,0,2.2135610546717857,573.83162020412499,0.6100000000000001,19,0,9728,9728,6144,4368,3984,20471047,12406247,7553189,4423014
300001,demand,2,0,1,5.295684827748925,2461.5650353777469,0.45999999999999996,19,6,9728,9728,7424,3128,2784,19658050,12247346,7319126,2926327
300001,demand,2,0.34999999999999998,0,2.149030384368976,528.36460477444496,0.63,19,0,9728,9728,8128,4656,3816,19991097,12297761,7436584,4211208
300001,demand,2,0.34999999999999998,1,5.3749512162915805,2516.7614796196372,0.48999999999999999,19,6,9728,9728,8768,3472,2840,24355310,12205104,7880210,4938121
300001,demand,2,1,0,2.4051711338596227,541.35205173657073,0.82000000000000017,19,0,9728,9728,9216,3960,2888,19829320,13181975,7820304,3240506
300001,demand,2,1,1,5.3532062985200524,2479.5550776130935,0.48999999999999999,19,6,9728,9728,9408,3288,2360,19846302,11822833,7199598,2337188
300001,demand,5,0,0,2.7361222889833354,837.66245238320448,0.32999999999999996,9,0,4608,4608,3136,2376,2208,10500680,5546531,3530739,2276668
300001,demand,5,0,1,9.0590669710826379,5772.611828101406,0.029999999999999999,9,6,4608,4608,3840,824,688,9522651,6024634,3473263,673296
300001,demand,5,0.34999999999999998,0,2.7361222889833354,840.0068058424115,0.32999999999999996,9,0,4608,4608,4096,2568,2232,9064483,5613253,3383097,2206592
300001,demand,5,0.34999999999999998,1,9.0590669710826379,5774.956181560613,0.029999999999999999,9,6,4608,4608,4352,1016,784,9549635,7741866,3568196,1053319
300001,demand,5,1,0,3.3201645202349086,841.78875544559901,0.45999999999999996,9,0,4608,4608,4544,2192,1776,10062926,6028029,3694538,1927479
300001,demand,5,1,1,9.0387021976607986,5672.956181560613,0.059999999999999998,9,6,4608,4608,4544,1168,904,9417605,5597328,3559363,976623
300001,combined,0,0,0,0.72541551312826202,0,0.71000000000000008,59,0,0,30208,9600,7568,6656,0,37202044,22923087,7238063
300001,combined,0,0,1,0.8160986850559182,0,0.79000000000000026,59,0,0,30208,9664,7240,5808,0,37871951,23353549,6273765
300001,combined,0,0.34999999999999998,0,1.2254161141660067,0,1.1800000000000004,59,0,0,30208,18432,10992,8304,0,40612839,23332147,9706297
300001,combined,0,0.34999999999999998,1,0.84609868505591823,0,0.82000000000000028,59,0,0,30208,16896,9872,6672,0,37232514,23122192,7228201
300001,combined,0,1,0,1.5913944510779512,0,1.5300000000000007,59,0,0,30208,23808,13104,8400,0,39391792,23669706,8744215
300001,combined,0,1,1,1.5913944510779512,0,1.5300000000000007,59,0,0,30208,23808,12712,8080,0,40886156,26216093,8314085
300001,combined,2,0,0,1.5476808649664899,51.2312133985183,0.71000000000000008,19,0,9728,9728,6080,4248,3768,19254241,11930064,7456377,4029744
300001,combined,2,0,1,1.8490930883844532,69.199557093180658,0.54999999999999993,19,1,9728,9728,6336,3296,2560,19026688,11910746,7333890,2604499
300001,combined,2,0.34999999999999998,0,1.57768086496649,51.2312133985183,0.7400000000000001,19,0,9728,9728,7872,4520,3520,18977466,11812427,7714168,3531475
300001,combined,2,0.34999999999999998,1,1.839605330860929,43.447085785680109,0.56000000000000005,19,1,9728,9728,8064,3904,2728,20851762,13501827,7857471,3210996
300001,combined,2,1,0,1.57768086496649,51.2312133985183,0.7400000000000001,19,0,9728,9728,8704,4000,2544,20187819,12366465,7839513,2567007
300001,combined,2,1,1,1.905493546139166,54.372428523662236,0.58999999999999997,19,1,9728,9728,8832,4040,2616,20361442,13570250,7434170,2801607
300001,combined,5,0,0,2.9616778304166811,46.338102980564393,0.29999999999999999,9,0,4608,4608,3264,2768,2656,9645878,6377946,3788840,2843054
300001,combined,5,0,1,3.4921754484152516,300.23186235374504,0.25,9,1,4608,4608,3264,1288,1088,9894281,6078153,3810121,1114671
300001,combined,5,0.34999999999999998,0,2.9616778304166811,46.338102980564393,0.29999999999999999,9,0,4608,4608,3968,2872,2464,10289461,5986857,3960126,2578954
300001,combined,5,0.34999999999999998,1,3.4921754484152516,300.23186235374504,0.25,9,1,4608,4608,3968,1600,1152,11052133,6751762,4113117,1227552
300001,combined,5,1,0,2.9616778304166811,46.338102980564393,0.29999999999999999,9,0,4608,4608,4416,2384,1560,10073384,5975999,3457911,1773168
300001,combined,5,1,1,3.4921754484152516,300.23186235374504,0.25,9,1,4608,4608,4416,1784,1168,10406588,6145633,3607555,1717726
300002,normal,0,0,0,0.090144226778676881,0,0.089999999999999997,59,0,0,30208,6848,5032,4360,0,39607369,25178955,4870627
300002,normal,0,0,1,0.090144226778676881,0,0.089999999999999997,59,0,0,30208,6848,5032,4360,0,39769964,24350809,5171629
300002,normal,0,0.34999999999999998,0,0.12014422677867688,0,0.12,59,0,0,30208,15168,8312,5432,0,39069003,23243015,5608433
300002,normal,0,0.34999999999999998,1,0.12014422677867688,0,0.12,59,0,0,30208,15168,8312,5432,0,39250381,24681986,6006610
300002,normal,0,1,0,0.33014422677867694,0,0.33000000000000007,59,0,0,30208,21632,11912,6624,0,38635519,23553578,7684837
300002,normal,0,1,1,0.33014422677867694,0,0.33000000000000007,59,0,0,30208,21632,11912,6624,0,38314420,23599936,6647272
300002,normal,2,0,0,0.00014422677867688614,0,0,19,0,9728,9728,2432,1656,1440,20966604,15903034,9561258,1732712
300002,normal,2,0,1,0.00014422677867688614,0,0,19,0,9728,9728,2432,1656,1440,21813591,16003516,7515520,1523894
300002,normal,2,0.34999999999999998,0,0.030144226778676887,0,0.029999999999999999,19,0,9728,9728,4800,2592,1848,23905369,12629759,8287316,2066765
300002,normal,2,0.34999999999999998,1,0.030144226778676887,0,0.029999999999999999,19,0,9728,9728,4800,2592,1848,20685029,12029459,8787573,1893925
300002,normal,2,1,0,0.12014422677867688,0,0.12,19,0,9728,9728,6656,3536,2232,19898991,12636285,7192977,2462126
300002,normal,2,1,1,0.12014422677867688,0,0.12,19,0,9728,9728,6656,3536,2232,21102771,13560470,7595366,2568628
300002,normal,5,0,0,0.00014422677867688614,0,0,9,0,4608,4608,960,704,632,9059282,5956169,3699254,806308
300002,normal,5,0,1,0.00014422677867688614,0,0,9,0,4608,4608,960,704,632,9874121,5759224,3448894,669086
300002,normal,5,0.34999999999999998,0,0.030144226778676887,0,0.029999999999999999,9,0,4608,4608,2048,1016,824,9920363,6377095,3794007,1003776
300002,normal,5,0.34999999999999998,1,0.030144226778676887,0,0.029999999999999999,9,0,4608,4608,2048,1016,824,9305924,6069821,3321772,848741
300002,normal,5,1,0,0.12014422677867688,0,0.12,9,0,4608,4608,3072,1504,1056,9201241,6149952,3976343,1067712
300002,normal,5,1,1,0.12014422677867688,0,0.12,9,0,4608,4608,3072,1504,1056,9984243,6201920,3731753,1236888
300002,supply,0,0,0,1.6485468712142435,0,1.6000000000000001,59,0,0,30208,15680,11656,9752,0,40691829,24031036,11517860
300002,supply,0,0,1,1.7640072768746229,0.18763214568988928,1.6400000000000003,59,1,0,30208,19264,13152,10056,0,41005870,23505775,11635273
300002,supply,0,0.34999999999999998,0,1.7653242895967203,0,1.7,59,0,0,30208,21632,13112,10336,0,37967808,22449995,10568640
300002,supply,0,0.34999999999999998,1,1.7831414064991995,0,1.7,59,1,0,30208,22016,12312,9296,0,37106796,22573032,9676405
300002,supply,0,1,0,2.1661270874727121,0,2.1299999999999994,59,0,0,30208,22720,12472,8360,0,37907388,23554408,8334029
300002,supply,0,1,1,2.1798163843845284,0,2.1299999999999994,59,1,0,30208,23104,12144,8200,0,37254411,22581013,8241596
300002,supply,2,0,0,4.7246355723056812,4.1638384509702249,1.3800000000000001,19,0,9728,9728,7552,5680,5128,19169584,11420337,7489155,5096283
300002,supply,2,0,1,12.508941511449198,1079.0603841131287,0.22999999999999998,19,11,9728,9728,7616,2136,1936,22739825,12222532,10047445,1964790
300002,supply,2,0.34999999999999998,0,4.6188957329153801,0,1.5799999999999998,19,0,9728,9728,7936,5336,4888,25150592,15500215,8229271,5156110
300002,supply,2,0.34999999999999998,1,11.956904110506324,855.19360929671222,0.22999999999999998,19,11,9728,9728,8960,2512,2112,22197160,12864019,7924330,2193157
300002,supply,2,1,0,4.6805319714497804,0,1.6099999999999997,19,0,9728,9728,8640,3112,2536,20767826,13546110,7736257,2669057
300002,supply,2,1,1,11.831678304691362,808.7279471879508,0.26000000000000001,19,11,9728,9728,9408,2440,2016,23924807,14780827,8910148,2371139
300002,supply,5,0,0,8.0102497682236038,246.53522372283408,0.88000000000000012,9,0,4608,4608,3904,3424,3296,11421761,6015368,5097665,4978125
300002,supply,5,0,1,12.508941511449198,1079.0603841131287,0.22999999999999998,9,5,4608,4608,3904,1376,1272,12173344,6351929,4109682,1375115
300002,supply,5,0.34999999999999998,0,8.0112791903153067,246.53522372283447,0.88000000000000012,9,0,4608,4608,4352,3384,3208,9200937,6088150,3510959,3237737
300002,supply,5,0.34999999999999998,1,12.509970933540899,1079.0603841131292,0.22999999999999998,9,5,4608,4608,4352,1440,1320,10453230,5709659,3680686,1300994
300002,supply,5,1,0,8.0652762754901097,268.80336364808113,0.98000000000000009,9,0,4608,4608,4480,1776,1448,11469862,6079513,3851464,1564725
300002,supply,5,1,1,12.509970933540899,1079.0603841131292,0.22999999999999998,9,5,4608,4608,4480,1264,1112,11063189,5630017,19648457,1191821
300002,capacity,0,0,0,5.3475492669055926,1716.6614792943476,0.91000000000000025,59,0,0,30208,17024,14056,12784,0,41363678,23470867,15753003
300002,capacity,0,0,1,9.8581125193079817,5349.6237561191765,0.050000000000000003,59,36,0,30208,21184,4360,4088,0,39333447,23992542,4839224
300002,capacity,0,0.34999999999999998,0,6.2493039823966958,2291.3632890721565,0.92000000000000026,59,0,0,30208,24000,17320,14584,0,39644721,24415355,15272494
300002,capacity,0,0.34999999999999998,1,9.9781125193079792,5349.6237561191765,0.16999999999999998,59,36,0,30208,25536,6312,4896,0,41589322,23891256,5093945
300002,capacity,0,1,0,7.8742967157732666,3143.8420194892246,1.2300000000000004,59,0,0,30208,28096,13584,8760,0,40482549,26038848,9215324
300002,capacity,0,1,1,10.216349862441158,5372.9357680096646,0.40000000000000002,59,36,0,30208,28544,7736,5672,0,42560318,28018321,6703921
300002,capacity,2,0,0,6.9526374631502446,3091.7441619551478,0.37999999999999989,19,0,9728,9728,5952,5336,5168,22332335,13049900,8010350,5412188
300002,capacity,2,0,1,10.676472031839232,6808.7123591498694,0,19,12,9728,9728,6592,1216,1216,22285037,13247395,7718847,1663643
300002,capacity,2,0.34999999999999998,0,8.6125779243905445,4133.4141257231613,0.45999999999999996,19,0,9728,9728,8384,6504,5912,19680523,14949843,7918022,6992638
300002,capacity,2,0.34999999999999998,1,10.736472031839233,6808.7123591498694,0.059999999999999998,19,12,9728,9728,8384,1952,1608,22750358,13391922,8764597,1665022
300002,capacity,2,1,0,10.796472031839233,6808.7123591498694,0.12,19,0,9728,9728,9344,4040,2640,19348412,12249400,7193819,2632006
300002,capacity,2,1,1,10.796472031839233,6808.7123591498694,0.12,19,12,9728,9728,9344,2504,1848,20289204,12689354,7142612,1747738
300002,capacity,5,0,0,10.188321708030436,5218.5887265077654,0.21999999999999997,9,0,4608,4608,3264,3168,3152,8867385,5637081,3269363,3116724
300002,capacity,5,0,1,10.676472031839232,6808.7123591498694,0,9,6,4608,4608,3264,576,576,9269892,5600532,3408765,566496
300002,capacity,5,0.34999999999999998,0,10.535175052028215,6530.0200529099293,0.12,9,0,4608,4608,4032,3424,3184,9175359,5607353,3359912,3097106
300002,capacity,5,0.34999999999999998,1,10.676472031839232,6808.7123591498694,0,9,6,4608,4608,4032,896,672,9182229,5722117,3308201,652415
300002,capacity,5,1,0,10.669303891594964,6703.6781875381266,0.029999999999999999,9,0,4608,4608,4416,2056,1120,9054655,6004294,3424299,1297687
300002,capacity,5,1,1,10.669303891594964,6703.6781875381266,0.029999999999999999,9,6,4608,4608,4416,1088,776,10002556,6400210,3986586,936285
300002,demand,0,0,0,0.9386711741114655,28.635566251706905,0.79000000000000015,59,0,0,30208,16128,11832,9280,0,45293807,27125974,11490399
300002,demand,0,0,1,0.86481959212535287,30.753351609250636,0.70999999999999996,59,2,0,30208,17984,11816,8528,0,40714872,29295352,10778676
300002,demand,0,0.34999999999999998,0,0.99600525283123109,50.909281298605563,0.74000000000000021,59,0,0,30208,23616,13896,9496,0,44986007,28395086,10972598
300002,demand,0,0.34999999999999998,1,1.3959665631417513,30.753351609250586,1.22,59,2,0,30208,19712,10880,8624,0,37225730,22867084,9406309
300002,demand,0,1,0,1.8312816682286199,46.990868632822995,1.5400000000000007,59,0,0,30208,28032,15376,9256,0,38422291,23718650,10078837
300002,demand,0,1,1,1.7820573079028685,30.999339425698661,1.5400000000000007,59,2,0,30208,28032,15120,9032,0,43297704,27855125,9920192
300002,demand,2,0,0,0.77629473734383214,125.53941889732863,0.39000000000000001,19,0,9728,9728,6848,4824,3920,21329455,12555251,7879733,4203076
300002,demand,2,0,1,0.77629473734383214,125.53941889732863,0.39000000000000001,19,0,9728,9728,6848,4760,3736,19997751,12946921,7860524,3910036
300002,demand,2,0.34999999999999998,0,0.9607178546872156,86.67996480244858,0.6100000000000001,19,0,9728,9728,8320,5032,3888,21216646,12203688,8298566,3953990
300002,demand,2,0.34999999999999998,1,0.9607178546872156,86.67996480244858,0.6100000000000001,19,0,9728,9728,8320,5008,3792,19865273,13480481,7647473,3904446
300002,demand,2,1,0,0.97028290934652184,80.348771804965651,0.70000000000000018,19,0,9728,9728,9280,5112,3096,18898092,11552236,7281131,3041522
300002,demand,2,1,1,0.97028290934652184,80.348771804965651,0.70000000000000018,19,0,9728,9728,9280,5128,3096,20784501,13044892,8091363,3620916
300002,demand,5,0,0,0.75703191602734143,107.25434756589843,0.32999999999999996,9,0,4608,4608,3264,2320,2072,9866310,5990211,3682577,3329999
300002,demand,5,0,1,0.75703191602734143,107.25434756589843,0.32999999999999996,9,0,4608,4608,3264,2256,1888,9130579,5692372,3736839,1997532
300002,demand,5,0.34999999999999998,0,0.77177625424585639,105.29581042362851,0.35999999999999999,9,0,4608,4608,4160,2504,2088,9414129,6000758,3520965,2132367
300002,demand,5,0.34999999999999998,1,0.77177625424585639,105.29581042362851,0.35999999999999999,9,0,4608,4608,4160,2472,1984,9897255,5592190,3475336,2028823
300002,demand,5,1,0,0.98322292766086272,100.34822545748602,0.58000000000000007,9,0,4608,4608,4352,2352,1624,9811179,6334880,3522887,1706665
300002,demand,5,1,1,0.98322292766086272,100.34822545748602,0.58000000000000007,9,0,4608,4608,4352,2352,1624,10033914,6203802,3424367,1730495
300002,combined,0,0,0,1.2739637212522061,0,1.2000000000000004,59,0,0,30208,12544,9720,8424,0,38776551,24350593,8885933
300002,combined,0,0,1,1.2739637212522061,0,1.2000000000000004,59,0,0,30208,12544,9552,7864,0,38360142,23317581,8438071
300002,combined,0,0.34999999999999998,0,1.5471720955542676,0,1.4600000000000006,59,0,0,30208,19200,12168,9392,0,37267049,23043160,9738924
300002,combined,0,0.34999999999999998,1,1.5471720955542676,0,1.4600000000000006,59,0,0,30208,19200,12048,9000,0,39063233,23074178,9780789
300002,combined,0,1,0,1.8100622872497112,0,1.6700000000000006,59,0,0,30208,22336,12088,7992,0,37693544,22958842,8724586
300002,combined,0,1,1,1.8100622872497112,0,1.6700000000000006,59,0,0,30208,22336,12088,7936,0,39500390,23638268,8573187
300002,combined,2,0,0,1.8350418033464531,213.72523793454391,0.83000000000000018,19,0,9728,9728,5824,4256,3880,21643048,12852508,8063499,4373022
300002,combined,2,0,1,7.9841336256626079,2049.6919274449178,0,19,12,9728,9728,7040,1728,1512,20100163,11989796,7315544,1563809
300002,combined,2,0.34999999999999998,0,1.8256003639919534,42.919133261831888,0.85000000000000009,19,0,9728,9728,6976,4584,3592,19448859,11797825,7624028,3694438
300002,combined,2,0.34999999999999998,1,9.6953257718578296,0,0.050000000000000003,19,12,9728,9728,7616,1944,1624,19783045,12675451,7370593,1823201
300002,combined,2,1,0,1.8824741777562668,33.230845463394175,0.87,19,0,9728,9728,7680,3936,2584,20786827,12398325,8439739,2736266
300002,combined,2,1,1,9.7224293880604797,0,0.080000000000000002,19,12,9728,9728,8192,2192,1640,20758542,12719484,7575493,1700909
300002,combined,5,0,0,3.2387832026073125,425.50285858600012,0.59999999999999998,9,0,4608,4608,3264,2568,2448,9612108,6056333,3837812,2527301
300002,combined,5,0,1,7.9841336256626079,2049.6919274449178,0,9,6,4608,4608,3264,624,576,9518866,6836278,3721818,930142
300002,combined,5,0.34999999999999998,0,3.2387832026073125,425.50285858600012,0.59999999999999998,9,0,4608,4608,3584,2512,2216,9919400,6199308,4203576,2268585
300002,combined,5,0.34999999999999998,1,7.9841336256626079,2049.6919274449178,0,9,6,4608,4608,3584,840,672,10011688,6764129,3502137,780539
300002,combined,5,1,0,3.4628717992638109,361.27896971900674,0.63,9,0,4608,4608,4032,1896,1344,9136001,5787168,3349997,1394471
300002,combined,5,1,1,8.4005219439583581,2245.3814904325968,0.029999999999999999,9,6,4608,4608,4032,1040,784,9011312,5763110,3411831,811321
